"Scenario","Parameter","Estimate","SD","CV","Gradient"
"a_ct","SR_LN(R0)",7.07,0,0,-4.15667e-06
"a_ct","InitF_seas_1_flt_1Commercial",0.14,0,0,8.21855e-08
"a_ct","Size_DblN_peak_Commercial(1)",28.71,0.34,0.01,-1.83111e-07
"a_ct","Size_DblN_ascend_se_Commercial(1)",3.51,0.1,0.03,2.16259e-07
"a_ct","Size_DblN_peak_NCRMP(2)",10.7,35.49,3.32,9.19211e-10
"a_ct","Size_DblN_ascend_se_NCRMP(2)",4.22,180.6,42.8,-7.41551e-11
"a_m1","SR_LN(R0)",7.15,0,0,0.0149029
"a_m1","InitF_seas_1_flt_1Commercial",0.16,0,0,0.000137013
"a_m1","Size_DblN_peak_Commercial(1)",28.33,0.33,0.01,0.000677935
"a_m1","Size_DblN_ascend_se_Commercial(1)",3.32,0.1,0.03,-0.000774266
"a_m1","Size_DblN_peak_NCRMP(2)",6.58,0.02,0,-0.000219228
"a_m1","Size_DblN_ascend_se_NCRMP(2)",3.08,13.05,4.24,2.18358e-06
"a_m2","SR_LN(R0)",7.15,0,0,-0.000151463
"a_m2","InitF_seas_1_flt_1Commercial",0.16,0,0,9.47536e-06
"a_m2","Size_DblN_peak_Commercial(1)",28.33,0.33,0.01,-3.29211e-05
"a_m2","Size_DblN_ascend_se_Commercial(1)",3.33,0.1,0.03,4.13757e-05
"a_m2","Size_DblN_peak_NCRMP(2)",16.63,1.04,0.06,2.40201e-06
"a_m2","Size_DblN_ascend_se_NCRMP(2)",6.18,2.95,0.48,-1.68873e-08
"a_m3","SR_LN(R0)",7.16,0.01,0,9.71116e-06
"a_m3","InitF_seas_1_flt_1Commercial",0.34,0.08,0.24,-6.73906e-08
"a_m3","Size_DblN_peak_Commercial(1)",28.73,0.35,0.01,6.36337e-08
"a_m3","Size_DblN_ascend_se_Commercial(1)",3.39,0.09,0.03,4.45988e-08
"a_m3","Size_DblN_peak_NCRMP(2)",16.56,1.03,0.06,-1.14398e-08
"a_m3","Size_DblN_ascend_se_NCRMP(2)",6.61,4.55,0.69,-1.49287e-10
"v01_ct","SR_LN(R0)",7.07,0,0,5.77585e-05
"v01_ct","InitF_seas_1_flt_1Commercial",0.14,0,0,-1.89279e-06
"v01_ct","Size_DblN_peak_Commercial(1)",28.7,0.33,0.01,2.24828e-06
"v01_ct","Size_DblN_ascend_se_Commercial(1)",3.48,0.09,0.03,-1.9356e-06
"v01_ct","Size_DblN_peak_NCRMP(2)",10.67,31.61,2.96,-6.76776e-09
"v01_ct","Size_DblN_ascend_se_NCRMP(2)",4.21,179.44,42.62,-1.87291e-10
"v01_m1","SR_LN(R0)",7.15,0,0,0.000231202
"v01_m1","InitF_seas_1_flt_1Commercial",0.17,0,0,-3.40906e-06
"v01_m1","Size_DblN_peak_Commercial(1)",28.36,0.33,0.01,1.94558e-05
"v01_m1","Size_DblN_ascend_se_Commercial(1)",3.31,0.1,0.03,-2.47422e-05
"v01_m1","Size_DblN_peak_NCRMP(2)",6.58,0.02,0,-4.75778e-07
"v01_m1","Size_DblN_ascend_se_NCRMP(2)",3.23,13.18,4.08,-4.09624e-09
"v01_m2","SR_LN(R0)",7.15,0,0,1.88947e-05
"v01_m2","InitF_seas_1_flt_1Commercial",0.16,0,0,5.51269e-06
"v01_m2","Size_DblN_peak_Commercial(1)",28.35,0.33,0.01,-3.48072e-06
"v01_m2","Size_DblN_ascend_se_Commercial(1)",3.34,0.1,0.03,6.61095e-06
"v01_m2","Size_DblN_peak_NCRMP(2)",17.09,1.21,0.07,-5.2254e-07
"v01_m2","Size_DblN_ascend_se_NCRMP(2)",5.68,1.71,0.3,-1.88277e-08
"v01_m3","SR_LN(R0)",7.16,0.01,0,-1.28954e-07
"v01_m3","InitF_seas_1_flt_1Commercial",0.36,0.08,0.22,-5.66175e-07
"v01_m3","Size_DblN_peak_Commercial(1)",28.75,0.35,0.01,7.13098e-06
"v01_m3","Size_DblN_ascend_se_Commercial(1)",3.4,0.09,0.03,-1.05269e-05
"v01_m3","Size_DblN_peak_NCRMP(2)",16.95,1.17,0.07,6.62955e-08
"v01_m3","Size_DblN_ascend_se_NCRMP(2)",5.85,2.07,0.35,-3.4789e-08
"v03_m3","SR_LN(R0)",6.94,0.09,0.01,-0.000167768
"v03_m3","InitF_seas_1_flt_1Commercial",0.18,0.07,0.39,2.15992e-06
"v03_m3","Size_DblN_peak_Commercial(1)",30.56,0.58,0.02,2.49327e-06
"v03_m3","Size_DblN_ascend_se_Commercial(1)",3.61,0.09,0.02,3.67405e-07
"v03_m3","Size_DblN_peak_NCRMP(2)",21.22,1.96,0.09,-6.37705e-07
"v03_m3","Size_DblN_ascend_se_NCRMP(2)",11.4,15.17,1.33,-4.89481e-09
"v07_m3","SR_LN(R0)",6.95,0.09,0.01,-0.000368609
"v07_m3","InitF_seas_1_flt_1Commercial",0.17,0.07,0.41,3.39177e-06
"v07_m3","Size_DblN_peak_Commercial(1)",30.49,0.61,0.02,-2.49592e-05
"v07_m3","Size_DblN_ascend_se_Commercial(1)",3.6,0.1,0.03,3.46449e-05
"v07_m3","Size_DblN_peak_NCRMP(2)",21.46,1.74,0.08,7.59408e-08
"v07_m3","Size_DblN_ascend_se_NCRMP(2)",10.03,34.1,3.4,-8.26178e-09
"v08a_m3","SR_LN(R0)",7.16,0.01,0,-3.659e-07
"v08a_m3","InitF_seas_1_flt_1Commercial",0.59,0.16,0.27,3.69345e-09
"v08a_m3","Size_DblN_peak_Commercial(1)",29.25,0.38,0.01,-2.72226e-08
"v08a_m3","Size_DblN_ascend_se_Commercial(1)",3.45,0.09,0.03,3.59046e-08
"v08a_m3","Size_DblN_peak_NCRMP(2)",7.34,0.56,0.08,-8.80343e-10
"v08a_m3","Size_DblN_top_logit_NCRMP(2)",-0.47,0.04,-0.09,-4.02417e-08
"v08a_m3","Size_DblN_end_logit_NCRMP(2)",-0.18,0.2,-1.11,-4.51907e-10
"v08b_m1","SR_LN(R0)",7.18,0.01,0,0.000151214
"v08b_m1","InitF_seas_1_flt_1Commercial",0.22,0.01,0.05,-1.53615e-06
"v08b_m1","Size_DblN_peak_Commercial(1)",34.33,0.08,0,1.12485e-05
"v08b_m1","Size_DblN_top_logit_Commercial(1)",-12.96,37.94,-2.93,-4.57409e-08
"v08b_m1","Size_DblN_end_logit_Commercial(1)",0.36,0.13,0.36,1.17864e-05
"v08b_m1","Size_DblN_peak_NCRMP(2)",18.45,0.61,0.03,3.472e-06
"v08b_m1","Size_DblN_top_logit_NCRMP(2)",-1.61,0.11,-0.07,1.86844e-05
"v08b_m1","Size_DblN_end_logit_NCRMP(2)",-0.64,0.17,-0.27,3.31439e-07
"v08b_m2","SR_LN(R0)",7.18,0.01,0,-0.000410158
"v08b_m2","InitF_seas_1_flt_1Commercial",0.21,0.01,0.05,-9.78708e-06
"v08b_m2","Size_DblN_peak_Commercial(1)",34.22,0.24,0.01,-8.52181e-06
"v08b_m2","Size_DblN_top_logit_Commercial(1)",-2.77,0.23,-0.08,1.50531e-05
"v08b_m2","Size_DblN_end_logit_Commercial(1)",0.54,0.2,0.37,-9.12965e-06
"v08b_m2","Size_DblN_peak_NCRMP(2)",17.81,0.61,0.03,-1.8003e-05
"v08b_m2","Size_DblN_top_logit_NCRMP(2)",-1.51,0.09,-0.06,-0.000106092
"v08b_m2","Size_DblN_end_logit_NCRMP(2)",-0.84,0.21,-0.25,-3.22956e-05
"v08b_m3","SR_LN(R0)",7.17,0.01,0,0.000250048
"v08b_m3","InitF_seas_1_flt_1Commercial",1.13,0.92,0.81,-1.75177e-06
"v08b_m3","Size_DblN_peak_Commercial(1)",34.79,0.49,0.01,1.49038e-05
"v08b_m3","Size_DblN_top_logit_Commercial(1)",-10.97,60.85,-5.55,9.40375e-11
"v08b_m3","Size_DblN_end_logit_Commercial(1)",1.75,0.83,0.47,5.3114e-06
"v08b_m3","Size_DblN_peak_NCRMP(2)",19.66,0.65,0.03,2.7975e-07
"v08b_m3","Size_DblN_top_logit_NCRMP(2)",-3.7,0.78,-0.21,6.56945e-08
"v08b_m3","Size_DblN_end_logit_NCRMP(2)",-0.62,0.17,-0.27,7.51669e-07
"v17a_m3","SR_LN(R0)",7.56,0.03,0,-4.33754e-05
"v17a_m3","InitF_seas_1_flt_1Commercial",9.25,0.95,0.1,5.44862e-07
"v17a_m3","Size_DblN_peak_Commercial(1)",27.74,0.36,0.01,-1.01382e-05
"v17a_m3","Size_DblN_ascend_se_Commercial(1)",3.32,0.1,0.03,8.79175e-06
"v17a_m3","Size_DblN_peak_NCRMP(2)",19.41,0.66,0.03,2.86488e-05
"v17a_m3","Size_DblN_top_logit_NCRMP(2)",-3.33,0.6,-0.18,1.77227e-05
"v17a_m3","Size_DblN_end_logit_NCRMP(2)",-1.37,0.12,-0.09,1.42524e-06
"v17a_m3_64","SR_LN(R0)",7.61,0.02,0,-0.000109398
"v17a_m3_64","InitF_seas_1_flt_1Commercial",10,0,0,8.02388e-08
"v17a_m3_64","Size_DblN_peak_Commercial(1)",27.56,0.33,0.01,-2.99652e-05
"v17a_m3_64","Size_DblN_ascend_se_Commercial(1)",3.42,0.1,0.03,4.39845e-05
"v17a_m3_64","Size_DblN_peak_NCRMP(2)",17.48,0.62,0.04,-1.05394e-05
"v17a_m3_64","Size_DblN_top_logit_NCRMP(2)",-1.46,0.09,-0.06,-5.57783e-05
"v17a_m3_64","Size_DblN_end_logit_NCRMP(2)",-1.61,0.13,-0.08,-1.38236e-05
"v17b_m1","SR_LN(R0)",8.02,0.14,0.02,0.000308538
"v17b_m1","InitF_seas_1_flt_1Commercial",0.06,0.01,0.17,0.000340646
"v17b_m1","Size_DblN_peak_Commercial(1)",31.82,0.25,0.01,0.000196544
"v17b_m1","Size_DblN_top_logit_Commercial(1)",-1.65,0.07,-0.04,0.000718377
"v17b_m1","Size_DblN_end_logit_Commercial(1)",-0.51,0.13,-0.25,0.000188432
"v17b_m1","Size_DblN_peak_NCRMP(2)",20.08,0.69,0.03,1.17242e-05
"v17b_m1","Size_DblN_top_logit_NCRMP(2)",-4.15,1.37,-0.33,4.21223e-06
"v17b_m1","Size_DblN_end_logit_NCRMP(2)",-1.55,0.13,-0.08,2.17896e-05
"v17b_m1_64","SR_LN(R0)",8.48,0.32,0.04,2.57546e-05
"v17b_m1_64","InitF_seas_1_flt_1Commercial",0.04,0.02,0.5,4.00126e-05
"v17b_m1_64","Size_DblN_peak_Commercial(1)",32.41,0.32,0.01,4.73656e-05
"v17b_m1_64","Size_DblN_top_logit_Commercial(1)",-4.73,1.83,-0.39,-5.58438e-06
"v17b_m1_64","Size_DblN_end_logit_Commercial(1)",-0.71,0.12,-0.17,3.39919e-05
"v17b_m1_64","Size_DblN_peak_NCRMP(2)",20.05,0.69,0.03,8.34674e-06
"v17b_m1_64","Size_DblN_top_logit_NCRMP(2)",-4.05,1.29,-0.32,4.81633e-06
"v17b_m1_64","Size_DblN_end_logit_NCRMP(2)",-1.64,0.13,-0.08,6.68546e-06
"v17b_m2","SR_LN(R0)",8.02,0.14,0.02,-6.34617e-05
"v17b_m2","InitF_seas_1_flt_1Commercial",0.06,0.01,0.17,-6.53372e-05
"v17b_m2","Size_DblN_peak_Commercial(1)",31.81,0.25,0.01,-9.82956e-06
"v17b_m2","Size_DblN_top_logit_Commercial(1)",-1.65,0.07,-0.04,9.48065e-06
"v17b_m2","Size_DblN_end_logit_Commercial(1)",-0.5,0.13,-0.26,-2.38264e-05
"v17b_m2","Size_DblN_peak_NCRMP(2)",19.4,0.66,0.03,-6.27563e-06
"v17b_m2","Size_DblN_top_logit_NCRMP(2)",-3.26,0.74,-0.23,-3.68373e-06
"v17b_m2","Size_DblN_end_logit_NCRMP(2)",-1.51,0.12,-0.08,-2.56083e-07
"v17b_m2_64","SR_LN(R0)",8.61,0.38,0.04,2.04752e-05
"v17b_m2_64","InitF_seas_1_flt_1Commercial",0.03,0.01,0.33,3.04787e-05
"v17b_m2_64","Size_DblN_peak_Commercial(1)",31.33,0.3,0.01,-6.77967e-06
"v17b_m2_64","Size_DblN_top_logit_Commercial(1)",-1.52,0.07,-0.05,-3.60744e-05
"v17b_m2_64","Size_DblN_end_logit_Commercial(1)",-0.69,0.15,-0.22,5.19176e-06
"v17b_m2_64","Size_DblN_peak_NCRMP(2)",17.4,0.63,0.04,7.20754e-06
"v17b_m2_64","Size_DblN_top_logit_NCRMP(2)",-1.45,0.09,-0.06,4.04021e-05
"v17b_m2_64","Size_DblN_end_logit_NCRMP(2)",-1.87,0.14,-0.07,1.85906e-06
"v17b_m3","SR_LN(R0)",7.8,0.01,0,9.59683e-05
"v17b_m3","InitF_seas_1_flt_1Commercial",10,0,0,1.10739e-08
"v17b_m3","Size_DblN_peak_Commercial(1)",33.33,0.09,0,-9.57244e-05
"v17b_m3","Size_DblN_top_logit_Commercial(1)",-12.73,40.85,-3.21,-5.59038e-08
"v17b_m3","Size_DblN_end_logit_Commercial(1)",0.12,0.11,0.92,-2.64099e-06
"v17b_m3","Size_DblN_peak_NCRMP(2)",19.4,0.66,0.03,4.12523e-05
"v17b_m3","Size_DblN_top_logit_NCRMP(2)",-3.29,0.64,-0.19,1.78879e-05
"v17b_m3","Size_DblN_end_logit_NCRMP(2)",-1.45,0.12,-0.08,7.10502e-06
"v17b_m3_64","SR_LN(R0)",7.86,0.01,0,-1.18884e-05
"v17b_m3_64","InitF_seas_1_flt_1Commercial",10,0,0,-1.98919e-09
"v17b_m3_64","Size_DblN_peak_Commercial(1)",32.52,0.07,0,-1.54366e-05
"v17b_m3_64","Size_DblN_top_logit_Commercial(1)",-12.51,43.5,-3.48,-3.9935e-09
"v17b_m3_64","Size_DblN_end_logit_Commercial(1)",0.4,0.15,0.37,-4.37059e-06
"v17b_m3_64","Size_DblN_peak_NCRMP(2)",19.4,0.66,0.03,2.7326e-06
"v17b_m3_64","Size_DblN_top_logit_NCRMP(2)",-3.28,0.66,-0.2,2.83208e-06
"v17b_m3_64","Size_DblN_end_logit_NCRMP(2)",-1.48,0.12,-0.08,1.69666e-06
"v19a_m3","SR_LN(R0)",6.96,0.09,0.01,-6.52132e-05
"v19a_m3","InitF_seas_1_flt_1Commercial",0.17,0.07,0.41,-9.49356e-06
"v19a_m3","Size_DblN_peak_Commercial(1)",30.44,0.64,0.02,1.57193e-05
"v19a_m3","Size_DblN_ascend_se_Commercial(1)",3.6,0.1,0.03,-8.91841e-06
"v19a_m3","Size_DblN_peak_NCRMP(2)",18.31,1.08,0.06,1.17208e-06
"v19a_m3","Size_DblN_top_logit_NCRMP(2)",-1.35,0.51,-0.38,5.97576e-06
"v19a_m3","Size_DblN_end_logit_NCRMP(2)",1.18,0.86,0.73,-8.17491e-07
"v21a_m3_f2_0310","SR_LN(R0)",7.44,0.03,0,4.79649e-05
"v21a_m3_f2_0310","InitF_seas_1_flt_1Commercial",7.02,1.26,0.18,-1.08355e-06
"v21a_m3_f2_0310","Size_DblN_peak_Commercial(1)",27.7,0.51,0.02,-5.61321e-06
"v21a_m3_f2_0310","Size_DblN_ascend_se_Commercial(1)",2.49,0.27,0.11,3.67398e-06
"v21a_m3_f2_0310","Size_DblN_peak_NCRMP(2)",15.18,0.7,0.05,1.82821e-05
"v21a_m3_f2_0310","Size_DblN_top_logit_NCRMP(2)",-0.26,0.04,-0.15,0.000245048
"v21a_m3_f2_0310","Size_DblN_end_logit_NCRMP(2)",-2.93,0.47,-0.16,1.67233e-06
"v21a_m3_f2_0310","Size_DblN_peak_Commercial(1)_BLK1repl_1983",25.92,0.45,0.02,1.57808e-05
"v21a_m3_f2_0310","Size_DblN_peak_Commercial(1)_BLK1repl_2004",34.36,1.26,0.04,-3.57284e-06
"v21a_m3_f2_0310","Size_DblN_ascend_se_Commercial(1)_BLK1repl_1983",2.94,0.16,0.05,-1.85046e-05
"v21a_m3_f2_0310","Size_DblN_ascend_se_Commercial(1)_BLK1repl_2004",4.02,0.2,0.05,3.12601e-06
"v21b_m3_f2_0310","SR_LN(R0)",7.58,0.03,0,-7.84749e-05
"v21b_m3_f2_0310","InitF_seas_1_flt_1Commercial",10,0,0,-6.31734e-07
"v21b_m3_f2_0310","Size_DblN_peak_Commercial(1)",28.16,0.65,0.02,1.97694e-05
"v21b_m3_f2_0310","Size_DblN_top_logit_Commercial(1)",-1.14,0.3,-0.26,3.24512e-05
"v21b_m3_f2_0310","Size_DblN_ascend_se_Commercial(1)",2.56,0.32,0.12,-1.51414e-05
"v21b_m3_f2_0310","Size_DblN_descend_se_Commercial(1)",-0.08,3.25,-40.62,1.08758e-06
"v21b_m3_f2_0310","Size_DblN_start_logit_Commercial(1)",-7.47,4.73,-0.63,3.84264e-06
"v21b_m3_f2_0310","Size_DblN_end_logit_Commercial(1)",-0.12,0.31,-2.58,1.13847e-05
"v21b_m3_f2_0310","Size_DblN_peak_NCRMP(2)",8.4,0.21,0.02,6.79183e-06
"v21b_m3_f2_0310","Size_DblN_top_logit_NCRMP(2)",-1.44,0.13,-0.09,5.27433e-06
"v21b_m3_f2_0310","Size_DblN_ascend_se_NCRMP(2)",-3.99,0.42,-0.11,-6.4689e-08
"v21b_m3_f2_0310","Size_DblN_descend_se_NCRMP(2)",4.85,0.2,0.04,6.54133e-07
"v21b_m3_f2_0310","Size_DblN_start_logit_NCRMP(2)",-492,11336.9,-23.04,2.14281e-08
"v21b_m3_f2_0310","Size_DblN_end_logit_NCRMP(2)",-3.75,1.22,-0.33,-2.16496e-06
"v21b_m3_f2_0310","Size_DblN_peak_Commercial(1)_BLK1repl_1983",26.3,0.51,0.02,-2.69966e-05
"v21b_m3_f2_0310","Size_DblN_peak_Commercial(1)_BLK1repl_2004",32.47,0.91,0.03,4.04892e-06
"v21b_m3_f2_0310","Size_DblN_top_logit_Commercial(1)_BLK1repl_1983",-1.75,1.01,-0.58,1.46638e-06
"v21b_m3_f2_0310","Size_DblN_top_logit_Commercial(1)_BLK1repl_2004",1.71,6.63,3.88,9.73238e-08
"v21b_m3_f2_0310","Size_DblN_ascend_se_Commercial(1)_BLK1repl_1983",3.08,0.16,0.05,5.37142e-05
"v21b_m3_f2_0310","Size_DblN_ascend_se_Commercial(1)_BLK1repl_2004",3.79,0.2,0.05,-3.9812e-06
"v21b_m3_f2_0310","Size_DblN_descend_se_Commercial(1)_BLK1repl_1983",-6.34,10.12,-1.6,-9.52691e-08
"v21b_m3_f2_0310","Size_DblN_descend_se_Commercial(1)_BLK1repl_2004",-4.5,234.82,-52.18,-1.19467e-08
"v21b_m3_f2_0310","Size_DblN_start_logit_Commercial(1)_BLK1repl_1983",-7.89,3.71,-0.47,1.68823e-05
"v21b_m3_f2_0310","Size_DblN_start_logit_Commercial(1)_BLK1repl_2004",-8.53,9.05,-1.06,-7.94022e-08
"v21b_m3_f2_0310","Size_DblN_end_logit_Commercial(1)_BLK1repl_1983",1.11,0.31,0.28,2.11701e-07
"v21b_m3_f2_0310","Size_DblN_end_logit_Commercial(1)_BLK1repl_2004",9.21,127.38,13.83,2.33409e-08
"v26a_m3","SR_LN(R0)",7.14,0.06,0.01,-1.37692e-05
"v26a_m3","InitF_seas_1_flt_1Commercial",5.25,0.57,0.11,-3.0903e-06
"v26a_m3","Size_DblN_peak_Commercial(1)",30.28,0.46,0.02,-1.05437e-06
"v26a_m3","Size_DblN_ascend_se_Commercial(1)",3.59,0.09,0.03,-2.57979e-05
"v26a_m3","Size_DblN_peak_NCRMP(2)",19.15,0.89,0.05,-7.14241e-05
"v26a_m3","Size_DblN_top_logit_NCRMP(2)",-3.25,0.67,-0.21,-6.93993e-05
"v26a_m3","Size_DblN_end_logit_NCRMP(2)",-0.65,0.2,-0.31,-1.90179e-06
"v26a_m3_64","SR_LN(R0)",6.97,0.14,0.02,-0.000122065
"v26a_m3_64","InitF_seas_1_flt_1Commercial",2.08,2.4,1.15,3.18481e-06
"v26a_m3_64","Size_DblN_peak_Commercial(1)",29.94,0.58,0.02,-1.85863e-05
"v26a_m3_64","Size_DblN_ascend_se_Commercial(1)",3.56,0.11,0.03,2.81941e-05
"v26a_m3_64","Size_DblN_peak_NCRMP(2)",19.83,0.89,0.04,6.77985e-06
"v26a_m3_64","Size_DblN_top_logit_NCRMP(2)",-4.59,9.88,-2.15,2.61751e-07
"v26a_m3_64","Size_DblN_end_logit_NCRMP(2)",-0.18,0.27,-1.5,1.52941e-05
"v28a_m3_64_f2_0310","SR_LN(R0)",7.56,0.03,0,6.83643e-05
"v28a_m3_64_f2_0310","InitF_seas_1_flt_1Commercial",9.58,0.92,0.1,-5.28268e-07
"v28a_m3_64_f2_0310","Size_DblN_peak_Commercial(1)",26.84,1.27,0.05,1.76048e-06
"v28a_m3_64_f2_0310","Size_DblN_ascend_se_Commercial(1)",2.3,0.68,0.3,2.7156e-06
"v28a_m3_64_f2_0310","Size_DblN_peak_NCRMP(2)",16.71,0.6,0.04,-6.69332e-07
"v28a_m3_64_f2_0310","Size_DblN_top_logit_NCRMP(2)",-1.07,0.06,-0.06,-1.98483e-05
"v28a_m3_64_f2_0310","Size_DblN_end_logit_NCRMP(2)",-1.61,0.16,-0.1,-5.15218e-05
"v28a_m3_64_f2_0310","Size_DblN_peak_Commercial(1)_BLK1repl_1983",25.23,0.46,0.02,4.5526e-05
"v28a_m3_64_f2_0310","Size_DblN_peak_Commercial(1)_BLK1repl_2004",32.8,0.94,0.03,-6.49896e-06
"v28a_m3_64_f2_0310","Size_DblN_ascend_se_Commercial(1)_BLK1repl_1983",2.84,0.18,0.06,-5.74303e-05
"v28a_m3_64_f2_0310","Size_DblN_ascend_se_Commercial(1)_BLK1repl_2004",3.85,0.18,0.05,1.30365e-05
"v28a_m3_f2_0310","SR_LN(R0)",7.49,0.03,0,-5.42639e-10
"v28a_m3_f2_0310","InitF_seas_1_flt_1Commercial",2.13,0.56,0.26,2.38533e-11
"v28a_m3_f2_0310","Size_DblN_peak_Commercial(1)",27.55,0.48,0.02,9.36285e-10
"v28a_m3_f2_0310","Size_DblN_ascend_se_Commercial(1)",2.52,0.25,0.1,-3.0552e-10
"v28a_m3_f2_0310","Size_DblN_peak_NCRMP(2)",17.46,0.62,0.04,5.80761e-08
"v28a_m3_f2_0310","Size_DblN_top_logit_NCRMP(2)",-1.46,0.09,-0.06,3.03511e-07
"v28a_m3_f2_0310","Size_DblN_end_logit_NCRMP(2)",-1.56,0.13,-0.08,4.42816e-10
"v28a_m3_f2_0310","Size_DblN_peak_Commercial(1)_BLK1repl_1983",25.45,0.43,0.02,-3.70093e-10
"v28a_m3_f2_0310","Size_DblN_peak_Commercial(1)_BLK1repl_2004",33.28,0.95,0.03,-1.17995e-10
"v28a_m3_f2_0310","Size_DblN_ascend_se_Commercial(1)_BLK1repl_1983",2.86,0.16,0.06,7.81278e-11
"v28a_m3_f2_0310","Size_DblN_ascend_se_Commercial(1)_BLK1repl_2004",3.9,0.18,0.05,-5.45848e-11
"v28b_m3_64_f2_0310","SR_LN(R0)",7.96,0.14,0.02,6.11854e-06
"v28b_m3_64_f2_0310","InitF_seas_1_flt_1Commercial",10,0,0,-1.75242e-06
"v28b_m3_64_f2_0310","Size_DblN_peak_Commercial(1)",28.48,1.01,0.04,-5.05062e-07
"v28b_m3_64_f2_0310","Size_DblN_top_logit_Commercial(1)",-9.56,74.74,-7.82,1.07282e-08
"v28b_m3_64_f2_0310","Size_DblN_ascend_se_Commercial(1)",2.73,0.42,0.15,3.89117e-07
"v28b_m3_64_f2_0310","Size_DblN_descend_se_Commercial(1)",2.52,0.98,0.39,-1.32219e-07
"v28b_m3_64_f2_0310","Size_DblN_start_logit_Commercial(1)",-492.03,11336.9,-23.04,-1.58632e-07
"v28b_m3_64_f2_0310","Size_DblN_end_logit_Commercial(1)",-0.78,0.35,-0.45,-1.5765e-06
"v28b_m3_64_f2_0310","Size_DblN_peak_NCRMP(2)",16.9,0.59,0.03,-7.80896e-07
"v28b_m3_64_f2_0310","Size_DblN_top_logit_NCRMP(2)",-12.3,46.01,-3.74,7.33527e-10
"v28b_m3_64_f2_0310","Size_DblN_ascend_se_NCRMP(2)",4.32,0.38,0.09,9.37933e-07
"v28b_m3_64_f2_0310","Size_DblN_descend_se_NCRMP(2)",4.63,0.16,0.03,5.51036e-08
"v28b_m3_64_f2_0310","Size_DblN_start_logit_NCRMP(2)",-491.99,11336.9,-23.04,7.9316e-08
"v28b_m3_64_f2_0310","Size_DblN_end_logit_NCRMP(2)",-3.59,0.69,-0.19,2.01447e-07
"v28b_m3_64_f2_0310","Size_DblN_peak_Commercial(1)_BLK1repl_1983",25.69,0.58,0.02,9.64566e-07
"v28b_m3_64_f2_0310","Size_DblN_peak_Commercial(1)_BLK1repl_2004",31.12,0.87,0.03,1.28541e-05
"v28b_m3_64_f2_0310","Size_DblN_top_logit_Commercial(1)_BLK1repl_1983",-2.83,1.22,-0.43,3.23763e-07
"v28b_m3_64_f2_0310","Size_DblN_top_logit_Commercial(1)_BLK1repl_2004",-0.45,2.16,-4.8,7.32895e-05
"v28b_m3_64_f2_0310","Size_DblN_ascend_se_Commercial(1)_BLK1repl_1983",2.96,0.2,0.07,-1.24902e-06
"v28b_m3_64_f2_0310","Size_DblN_ascend_se_Commercial(1)_BLK1repl_2004",3.65,0.21,0.06,-1.5676e-06
"v28b_m3_64_f2_0310","Size_DblN_descend_se_Commercial(1)_BLK1repl_1983",3.42,0.76,0.22,4.35783e-08
"v28b_m3_64_f2_0310","Size_DblN_descend_se_Commercial(1)_BLK1repl_2004",-4.5,234.37,-52.08,4.51382e-07
"v28b_m3_64_f2_0310","Size_DblN_start_logit_Commercial(1)_BLK1repl_1983",-491.97,11336.9,-23.04,1.58632e-07
"v28b_m3_64_f2_0310","Size_DblN_start_logit_Commercial(1)_BLK1repl_2004",-7.7,5.6,-0.73,1.05849e-06
"v28b_m3_64_f2_0310","Size_DblN_end_logit_Commercial(1)_BLK1repl_1983",-0.32,0.31,-0.97,1.99222e-08
"v28b_m3_64_f2_0310","Size_DblN_end_logit_Commercial(1)_BLK1repl_2004",0.75,0.63,0.84,2.17626e-07
"v28b_m3_f2_0310","SR_LN(R0)",7.88,0.11,0.01,-4.78641e-05
"v28b_m3_f2_0310","InitF_seas_1_flt_1Commercial",0.65,0.23,0.35,1.29e-06
"v28b_m3_f2_0310","Size_DblN_peak_Commercial(1)",29.26,1.12,0.04,2.1159e-05
"v28b_m3_f2_0310","Size_DblN_top_logit_Commercial(1)",-2.91,8.47,-2.91,4.95825e-06
"v28b_m3_f2_0310","Size_DblN_ascend_se_Commercial(1)",2.92,0.34,0.12,-1.8884e-05
"v28b_m3_f2_0310","Size_DblN_descend_se_Commercial(1)",-5.07,47.79,-9.43,5.55699e-07
"v28b_m3_f2_0310","Size_DblN_start_logit_Commercial(1)",-492,11336.9,-23.04,-1.24061e-08
"v28b_m3_f2_0310","Size_DblN_end_logit_Commercial(1)",-0.57,0.26,-0.46,-1.7613e-05
"v28b_m3_f2_0310","Size_DblN_peak_NCRMP(2)",17.69,1.17,0.07,4.28446e-06
"v28b_m3_f2_0310","Size_DblN_top_logit_NCRMP(2)",-1.3,0.19,-0.15,3.36342e-05
"v28b_m3_f2_0310","Size_DblN_ascend_se_NCRMP(2)",5.45,1.17,0.21,-3.43033e-08
"v28b_m3_f2_0310","Size_DblN_descend_se_NCRMP(2)",-0.49,1.79,-3.65,1.69709e-06
"v28b_m3_f2_0310","Size_DblN_start_logit_NCRMP(2)",-492,11336.9,-23.04,4.74429e-09
"v28b_m3_f2_0310","Size_DblN_end_logit_NCRMP(2)",-1.75,0.16,-0.09,-4.18832e-07
"v28b_m3_f2_0310","Size_DblN_peak_Commercial(1)_BLK1repl_1983",25.77,0.54,0.02,-1.70151e-05
"v28b_m3_f2_0310","Size_DblN_peak_Commercial(1)_BLK1repl_2004",31.29,0.88,0.03,-3.37897e-09
"v28b_m3_f2_0310","Size_DblN_top_logit_Commercial(1)_BLK1repl_1983",-3.42,2.1,-0.61,-1.99797e-06
"v28b_m3_f2_0310","Size_DblN_top_logit_Commercial(1)_BLK1repl_2004",-0.58,2.1,-3.62,-3.85406e-06
"v28b_m3_f2_0310","Size_DblN_ascend_se_Commercial(1)_BLK1repl_1983",2.96,0.18,0.06,1.33396e-05
"v28b_m3_f2_0310","Size_DblN_ascend_se_Commercial(1)_BLK1repl_2004",3.66,0.21,0.06,-4.92886e-06
"v28b_m3_f2_0310","Size_DblN_descend_se_Commercial(1)_BLK1repl_1983",3.69,0.6,0.16,-4.8745e-06
"v28b_m3_f2_0310","Size_DblN_descend_se_Commercial(1)_BLK1repl_2004",-0.14,30.2,-215.71,-3.89135e-07
"v28b_m3_f2_0310","Size_DblN_start_logit_Commercial(1)_BLK1repl_1983",-492,11336.9,-23.04,1.13124e-08
"v28b_m3_f2_0310","Size_DblN_start_logit_Commercial(1)_BLK1repl_2004",-7.75,5.61,-0.72,-6.56839e-06
"v28b_m3_f2_0310","Size_DblN_end_logit_Commercial(1)_BLK1repl_1983",-0.62,0.29,-0.47,-1.99268e-05
"v28b_m3_f2_0310","Size_DblN_end_logit_Commercial(1)_BLK1repl_2004",0.82,0.91,1.11,-9.64895e-06
"v29a_m3_f2_0310","SR_LN(R0)",7.22,0.16,0.02,-0.000304664
"v29a_m3_f2_0310","InitF_seas_1_flt_1Commercial",4.57,1.45,0.32,1.39876e-05
"v29a_m3_f2_0310","Size_DblN_peak_Commercial(1)",29.96,0.78,0.03,4.73816e-06
"v29a_m3_f2_0310","Size_DblN_ascend_se_Commercial(1)",2.85,0.23,0.08,3.2853e-06
"v29a_m3_f2_0310","Size_DblN_peak_NCRMP(2)",17.74,1.11,0.06,1.56329e-05
"v29a_m3_f2_0310","Size_DblN_top_logit_NCRMP(2)",-1.34,0.15,-0.11,4.33469e-05
"v29a_m3_f2_0310","Size_DblN_end_logit_NCRMP(2)",0.28,0.61,2.18,9.70703e-06
"v29a_m3_f2_0310","Size_DblN_peak_Commercial(1)_BLK1repl_1983",26.91,0.79,0.03,-3.09901e-05
"v29a_m3_f2_0310","Size_DblN_peak_Commercial(1)_BLK1repl_2004",31.81,1.17,0.04,-7.62475e-06
"v29a_m3_f2_0310","Size_DblN_ascend_se_Commercial(1)_BLK1repl_1983",3.29,0.23,0.07,4.41263e-05
"v29a_m3_f2_0310","Size_DblN_ascend_se_Commercial(1)_BLK1repl_2004",3.75,0.22,0.06,5.07536e-06
"v31a_m3_64_f2_0310","SR_LN(R0)",7.14,0.13,0.02,0.000208124
"v31a_m3_64_f2_0310","InitF_seas_1_flt_1Commercial",4.6,1.18,0.26,-8.85535e-06
"v31a_m3_64_f2_0310","Size_DblN_peak_Commercial(1)",29.2,1.17,0.04,6.57554e-07
"v31a_m3_64_f2_0310","Size_DblN_ascend_se_Commercial(1)",2.73,0.41,0.15,-8.864e-07
"v31a_m3_64_f2_0310","Size_DblN_peak_NCRMP(2)",6.6,0.03,0,5.86726e-07
"v31a_m3_64_f2_0310","Size_DblN_top_logit_NCRMP(2)",-0.44,0.02,-0.05,0.000183871
"v31a_m3_64_f2_0310","Size_DblN_end_logit_NCRMP(2)",-0.22,0.37,-1.68,-6.78067e-06
"v31a_m3_64_f2_0310","Size_DblN_peak_Commercial(1)_BLK1repl_1983",27.51,0.59,0.02,2.5331e-05
"v31a_m3_64_f2_0310","Size_DblN_peak_Commercial(1)_BLK1repl_2004",32.29,1.04,0.03,6.45029e-06
"v31a_m3_64_f2_0310","Size_DblN_ascend_se_Commercial(1)_BLK1repl_1983",3.19,0.15,0.05,-2.91905e-05
"v31a_m3_64_f2_0310","Size_DblN_ascend_se_Commercial(1)_BLK1repl_2004",3.82,0.2,0.05,-1.06095e-05
"v31a_m3_f2_0310","SR_LN(R0)",7.33,0.07,0.01,-3.49948e-05
"v31a_m3_f2_0310","InitF_seas_1_flt_1Commercial",6.8,0.86,0.13,8.54365e-07
"v31a_m3_f2_0310","Size_DblN_peak_Commercial(1)",29.52,0.69,0.02,1.91983e-06
"v31a_m3_f2_0310","Size_DblN_ascend_se_Commercial(1)",2.82,0.24,0.09,-1.04836e-06
"v31a_m3_f2_0310","Size_DblN_peak_NCRMP(2)",19.3,0.89,0.05,-2.42659e-05
"v31a_m3_f2_0310","Size_DblN_top_logit_NCRMP(2)",-3.39,0.78,-0.23,-2.15941e-05
"v31a_m3_f2_0310","Size_DblN_end_logit_NCRMP(2)",-0.42,0.23,-0.55,6.29043e-06
"v31a_m3_f2_0310","Size_DblN_peak_Commercial(1)_BLK1repl_1983",28.07,0.51,0.02,-1.48296e-05
"v31a_m3_f2_0310","Size_DblN_peak_Commercial(1)_BLK1repl_2004",32.34,1.03,0.03,1.25564e-06
"v31a_m3_f2_0310","Size_DblN_ascend_se_Commercial(1)_BLK1repl_1983",3.29,0.12,0.04,1.91862e-05
"v31a_m3_f2_0310","Size_DblN_ascend_se_Commercial(1)_BLK1repl_2004",3.81,0.2,0.05,-2.48247e-06
